RT @eariana10: A true Houstonian rides for their ppl ğŸ˜‚ https://t.co/6tEOJXVkRP, pos
RT @AIRBUD: Best furry superstar on the court: Me or @JHarden13? @NBA @HoustonRockets #YouDecide https://t.co/xvfmeEUmXN, neu
NBA hits Rockets' Green with $25K shoving fine https://t.co/nYTk5uZh7I https://t.co/bVGXLfKyU2, neg
RT @eariana10: A true Houstonian rides for their ppl ğŸ˜‚ https://t.co/6tEOJXVkRP, pos
RT @AIRBUD: Best furry superstar on the court: Me or @JHarden13? @NBA @HoustonRockets #YouDecide https://t.co/xvfmeEUmXN, neu
NBA hits Rockets' Green with $25K shoving fine https://t.co/nYTk5uZh7I https://t.co/bVGXLfKyU2, neg
Lmaooo https://t.co/Szu8bWJ5g7, neu
RT @SLAMonline: First look at the Jordan CP3.XI Chris Paul's eleventh signature sneaker with the Jumpman. https://t.co/SwaVUIml7T, neu
RT @_illionaire: @HoustonRockets @JHarden13 "no more layups" - cj mccollum, neu
RT @TheHoopCentral: Dame and C.J took exception to Chris Paulâ€™s late game layup no more easy layupsğŸ‘€https://t.co/4PerdUdPcU, neg
Chris Paul's 3pt% is down 3% from last season. Every player shoots the 3 worse in Houston since they encourage tougâ€¦ https://t.co/VkklTAGsSN, neg
Joe Johnson needs to go ahead and retire, neg
RT @NBA: Locked in! ğŸ”¥ğŸ”35 PTS 6 AST 6 REB for Harden with 4:10 left in the 3rd.#Rockets https://t.co/AIa3qeHux5, pos
RT @HoustonRockets: Huge baskets from @JHarden13! #MVP42pts/7ast/6reb https://t.co/25kxsy4kIz, pos
RT @LegionHoops: James Harden clutch! ğŸ”¥https://t.co/l5d5Y5kZPd, pos
RT @espn_macmahon: James Harden's stepback 3 is the most lethal weapon in basketball right now., pos
Shout out to the @HoustonRockets hoping you make it to the Finals ğŸŒŠ, pos
RT @danecarbaugh: in hell you play James Harden 1-on-1 and he calls his own fouls, pos
RT @TheHoopCentral: Throwback to one of if not the worse trade in NBA History. https://t.co/6xeKgLTtbA, neg
RT @SportsCenter: What does James Harden see when a big switches onto him? ğŸ” https://t.co/BX3dbmQdXh, neu
ğŸ˜± https://t.co/gvSCqnTM6l, neu
RT @SportsCenter: What does James Harden see when a big switches onto him? ğŸ” https://t.co/BX3dbmQdXh, neu
RT @ZOMBIEJuicee: James harden is MVP off top, pos
RT @seth_medina: James Harden be having 50 point games on and off the court https://t.co/WPjN9pKkDn, pos
RT @seth_medina: James Harden be having 50 point games on and off the court https://t.co/WPjN9pKkDn, pos
RT @danecarbaugh: in hell you play James Harden 1-on-1 and he calls his own fouls, pos
ğŸ¤”ğŸ¤” https://t.co/fF7yXVib7k, neu
RT @TrashTalk_fr: Â«Â James Harden ne sera pas MVP cette saisonÂ Â»https://t.co/Kn13UJIOjp, neu
@PlayLine @JHarden13 @AntDavis23 Harden 44 @KristenKKCook, pos
RT @HoustonRockets: For more info on the Book Drive â¤µï¸ğŸ“š Â» https://t.co/IECyPCl7xN https://t.co/QGZU0O1CNC, neu
@SheaSerrano longtime houston rockets fan shea serrano, pos
RT @TheHRReview: Tilman Fertitta: "My family is committed to two things: a championship for the Houston #Rockets and a championship for theâ€¦, pos
DET 88 HOU 86 Q4 1:18James Harden misses shotP:11 R:4 A:5 S:2 B:1 T:3FD:29.3 DK:28.0, neg
@Kobenigga234 @HoustonRockets @TheofficialEG10 @JHarden13 if you crop the image W, neu
RT @MarkBermanFox26: .@broncos receiver Emmanuel Sanders (@ESanders_10) from Bellville takes the "First Shot" for charity before the #Rocâ€¦, neu
RT @Jonathan_Feigen: Rajon Rondo (sprained right wrist) is out for the Pelicans vs. the Rockets tonight. Nikola Mirotic (right hip flexor)â€¦, pos
Chris Paul Dwyane Wade Steve Kerr among NBA voices to support 'March for Our Lives' movement -â€¦ https://t.co/GlyxsGI2WU, neu
Plz bros @HoustonRockets, neu
RT @NBA: The first to 2000 points on the season... James Harden! https://t.co/RvgJ4sdwrO, pos
RT @NBA: The first to 2000 points on the season... James Harden! https://t.co/RvgJ4sdwrO, pos
RT @HoustonRockets: Building another winning streak! ğŸ“Š @CapelaClint 18PTS/16REB/6BLKğŸ“Š @JHarden13 27PTS/8AST/6REBğŸ“Š @TheofficialEG10 19PTâ€¦, pos
James Harden been balling tho plus they got the best record so I canâ€™t deny that he shouldnâ€™t win MVP., pos
RT @ClashOfFire: Four spot ilabas sa trendlist KissTon ChillaxOnASAP https://t.co/bWwVYGAtVO, neu
RT @FantasyLabsNBA: Chris Paul (hamstring) will play Tuesday. https://t.co/xOmaqBzh1Z, pos
RT @HoustonRockets: .@CP3 is back for tonightâ€™s game! ğŸš€ https://t.co/2P1RlBXxrj, pos
RT @TXSOTigers: #BeLegendary @ToyotaCenter @HoustonRockets @TexasSouthern #TSUProud https://t.co/eKI2dh7V46, pos
RT @HoustonRockets: 61 WINS ğŸ“Š @TheofficialEG10 31ptsğŸ“Š @TrevorAriza 21pts https://t.co/OtGyJe5vdB, pos
RT @sportynory: #Rockets winnnn! 10 game winning streak! ğŸš€ğŸš€ğŸš€, pos
RT @ZombiaxX: - Kevin Durant MVP 2014- Russell Westbroook MVP 2017- James Harden MVP 2018 ? Histoire de boucler la boucle. https://t.coâ€¦, pos
RT @RocketsnationFr: GAMEDAY! ğŸš€RÃ©ception des @WizardsFrance Ã  2h00. Chris Paul et NenÃª sont incertains. On se doit de rÃ©agir aprÃ¨s nos deâ€¦, neu
RT @fyrebear: What if someone last June told you that the following season the #Rockets would have the same odds as the Warriors to win theâ€¦, pos
RT @BleacherReport: They caught The Beard on the jumbotron ğŸ˜‚(via @HoustonRockets)https://t.co/HWNSDottmb, neu
RT @TheNBAMonster: James Harden se merece el MVP desde todo punto de vista ğŸ˜‚ğŸ˜‚https://t.co/VCyYLRVoE6, pos
RT @BleacherReport: They caught The Beard on the jumbotron ğŸ˜‚(via @HoustonRockets)https://t.co/HWNSDottmb, neu
RT @BleacherReport: They caught The Beard on the jumbotron ğŸ˜‚(via @HoustonRockets)https://t.co/HWNSDottmb, neu
It's a shame that without one more assist this game basically never happened https://t.co/M32Vznkbzu, neg
RT @BulletsForever: how do you this the game ended eight seconds ago https://t.co/apiezteyL5, neg
RT @HoustonRockets: Back to our winning ways. ğŸ“Š @JHarden13 38pts/10reb/9astğŸ“Š @CapelaClint 21pts/10reb https://t.co/KXCAKvz453, pos
RT @BleacherReport: They caught The Beard on the jumbotron ğŸ˜‚(via @HoustonRockets)https://t.co/HWNSDottmb, neu
RT @espn: Someone is always watching @JHarden13 ğŸ¤£ (via @NBA) https://t.co/IvrVMZJwee, neu
RT @espn: This guy was living his best life last night. (via @HoustonRockets) https://t.co/BVhzf7VEHU, pos
RT @espn: ğŸš¨CANNOT. STOP. WATCHING. ğŸš¨(via @HoustonRockets) https://t.co/o8tZvaQmuW, neu
RT @espn: This guy was living his best life last night. (via @HoustonRockets) https://t.co/BVhzf7VEHU, pos
@mingzz_3 Plus that Chris Paul Dwight shit got denied in like 2012 ğŸ™„ way after, neg
RT @espn: ğŸš¨CANNOT. STOP. WATCHING. ğŸš¨(via @HoustonRockets) https://t.co/o8tZvaQmuW, neu
RT @espn: ğŸš¨CANNOT. STOP. WATCHING. ğŸš¨(via @HoustonRockets) https://t.co/o8tZvaQmuW, neu
RT @BleacherReport: He killed this. ğŸ˜‚ğŸ˜‚ğŸ˜‚ (via @HoustonRockets) https://t.co/W0Mx356Ee5, pos
RT @espn: ğŸš¨CANNOT. STOP. WATCHING. ğŸš¨(via @HoustonRockets) https://t.co/o8tZvaQmuW, neu
RT @espn: ğŸš¨CANNOT. STOP. WATCHING. ğŸš¨(via @HoustonRockets) https://t.co/o8tZvaQmuW, neu
RT @espn: This guy was living his best life last night. (via @HoustonRockets) https://t.co/BVhzf7VEHU, pos
RT @BleacherReport: He killed this. ğŸ˜‚ğŸ˜‚ğŸ˜‚ (via @HoustonRockets) https://t.co/W0Mx356Ee5, pos
@clintbackwoods @espn @HoustonRockets He needs a steak redbone and a YouTube channel. Heâ€™s more talented then mosâ€¦ https://t.co/0Tix5veNAc, pos
That backflip was too clean https://t.co/QrK2Jh2Car, neu
RT @BleacherReport: He killed this. ğŸ˜‚ğŸ˜‚ğŸ˜‚ (via @HoustonRockets) https://t.co/W0Mx356Ee5, pos
RT @BleacherReport: He killed this. ğŸ˜‚ğŸ˜‚ğŸ˜‚ (via @HoustonRockets) https://t.co/W0Mx356Ee5, pos
RT @espn: ğŸš¨CANNOT. STOP. WATCHING. ğŸš¨(via @HoustonRockets) https://t.co/o8tZvaQmuW, neu
RT @espn: ğŸš¨CANNOT. STOP. WATCHING. ğŸš¨(via @HoustonRockets) https://t.co/o8tZvaQmuW, neu
RT @MightyProno: ğŸ‘€ https://t.co/HeR8nv7bvS, neu
RT @BleacherReport: He killed this. ğŸ˜‚ğŸ˜‚ğŸ˜‚ (via @HoustonRockets) https://t.co/W0Mx356Ee5, neu
RT @NBA: "ğŸ‘€ğŸ€ğŸ‘€"#Rockets https://t.co/10rlgvQmOL, neu
RT @TheCrossover: We will never not share a video of James Harden dancing https://t.co/LVQd39vkf1, pos
RT @BleacherReport: He killed this. ğŸ˜‚ğŸ˜‚ğŸ˜‚ (via @HoustonRockets) https://t.co/W0Mx356Ee5, pos
RT @NBA: "ğŸ‘€ğŸ€ğŸ‘€"#Rockets https://t.co/10rlgvQmOL, neu
RT @espn: This guy was living his best life last night. (via @HoustonRockets) https://t.co/BVhzf7VEHU, pos
RT @NBA: CP3 wins it for the @HoustonRockets!!!! https://t.co/dZHmIfYBdD, pos
RT @NBA: The @HoustonRockets hold off the @trailblazers 96-94 for their 20th straight home W!CP3: 25 PTSHarden: 24 PTS 7 ASTMcCollum:â€¦, pos
RT @NBA: "ğŸ‘€ğŸ€ğŸ‘€"#Rockets https://t.co/10rlgvQmOL, neu
RT @espn: ğŸš¨CANNOT. STOP. WATCHING. ğŸš¨(via @HoustonRockets) https://t.co/o8tZvaQmuW, neu
RT @OptaJoe: 9 - Both Chris Smalling and Paul Pogba have won all nine Premier League games in which they've scored; only Ryan Babel has a bâ€¦, neu
RT @TommyBeer: 2017-18 season totals:Points: LeBron James: 2171James Harden: 2141Assists:LeBron: 723Harden: 611Rebounds: LeBroâ€¦, pos
RT @TommyBeer: 2017-18 season totals:Points: LeBron James: 2171James Harden: 2141Assists:LeBron: 723Harden: 611Rebounds: LeBroâ€¦, pos
RT @PlayLine: ğŸ”¥ğŸ”¥SIGNED JERSEY GIVEAWAYğŸ”¥ğŸ”¥If @CP3 puts up more than 30 POINTS tonight we'll give one of u an official SIGNED JERSEYğŸ”¥ RT &amp; Fâ€¦, pos
RT @HoustonRockets: Heading to the game? Stop by the La Branch pad outside the main entrance of @ToyotaCenter for your your chance to underâ€¦, neu
RT @Jared_BeBallin: Ima be real JAMES HARDEN is the GOAT IDC, pos
RT @NBA: Chris Paul &amp; the @HoustonRockets seek their 21st straight home W! #NBAonABC https://t.co/aPOlswdWw1, pos
RT @amndrbr: @HouRocketsBR TÃ¡ faltando o @JHarden13 com as bolas de 3 pts maravilhosas que sÃ³ ele sabe fazer, neu
RT @NBATV: .@JHarden13's Nightmare PEs are ğŸ”¥ğŸ”¥ğŸ”¥ https://t.co/P128aApmcx, pos
RT @shaadbroo: James Harden Westbrook AD and KD ğŸ˜‚ğŸ˜‚ man whoever made this is a fool https://t.co/SEMlHlYAvx, neu
RT @World_Wide_Wob: Chris Paul really just walked down the court to make sure he got Tâ€™d up lollll https://t.co/mJWHn8cYUD, neg
@CHINO_BANKS @CP3 Peep the leg by CP3, neu
RT @NBA: Big. Time. Victory.The @okcthunder go into Houston and take care of business defeating the @HoustonRockets 108-102 behind 24 PTâ€¦, neg
Huge win! #ThunderUp https://t.co/JL7x6WIklm, neg
RT @diamondsmani: Love lies playing outside the Toyota center for the Houston Rockets game! @NormaniKordei @thegreatkhalid https://t.co/Liâ€¦, neu
@MarkWhi77858109 @DVillarrealA @HoustonRockets @JHarden13 Now where did you read that Embiid will be back in 2-4 weeks?, neu
RT @ProSkillsGBB: We donâ€™t call her James Harden for nothing! ğŸ–¤â¤ï¸ https://t.co/eWtVO7HQ6n, pos
RT @WSDashBaseball: BIG NEWS! 9x @NBA All-Star former @WakeMBB star and Forsyth County native Chris Paul (@CP3) has become a part owner ofâ€¦, pos
RT @Joseph_Duarte: Mark Seegers the public address announcer for @UHCougarFB  and @UHCougarMBK for 18 years and 14 years with the @Houstoâ€¦, neu
@stephenasmith @JHarden13 @BenSimmons25 @spidadmitchell Wrong!  LeBron deserves the MVP!, neu
RT @HoustonRockets: .@JHarden13 ğŸ€ https://t.co/y4Y4FJicjd, neu
no timeouts. RT @thegeorgeyoung: joe johnson quarterman tarik black rj hunter gerald. 48 minutes., neu
@NBA #KiaSixth Eric Gordon #Sweepstakes, pos
@CP3 is out here foolin ğŸ’, pos
RT @BleacherReport: THAT AINâ€™T EVEN FAIR @CP3 https://t.co/e74oDfrzPG, pos
RT @BleacherReport: THAT AINâ€™T EVEN FAIR @CP3 https://t.co/e74oDfrzPG, pos
RT @NBAonTNT: .@CP3 is out here playing street ball! ğŸ˜± https://t.co/2sCNDW2nQH, pos
RT @NBAonTNT: .@CP3 is out here playing street ball! ğŸ˜± https://t.co/2sCNDW2nQH, pos
RT @SportsCenter: Chris Paul is just TOYING with 'em ğŸ˜±#SCtop10 https://t.co/Ao5xWdcsjK, pos
RT @SportsCenter: Chris Paul is just TOYING with 'em ğŸ˜±#SCtop10 https://t.co/Ao5xWdcsjK, pos
PEGUE https://t.co/CbzStceOJQ, neu
@cp3 is playing @nba Streets ğŸ®#kinghandlesarmy @ Vancouver British Columbia https://t.co/O0wA8QCxQr, pos
RT @TheHerd: LeBron James leads James Harden in every total individual statistical category https://t.co/dFohdw6pWT, neg
RT @ringer: .@JHarden13 is the favorite to win the coveted #NBA MVP award but has anyone looked into his past? Vote NO on James Harden forâ€¦, neg
RT @SportsCenter: ICYMI: Chris Paul isn't letting up just because it's the end of the season. https://t.co/uXoWQZfwGd, pos
Donâ€™t be dumbğŸ˜‚ https://t.co/XBAewzJeBK, neu
RT @snkr_twitr: Better shots of @CP3 in new Jordan 3â€™s in last nightâ€™s game ğŸ”¥#snkr_twitr https://t.co/xy7N0kfn9S, neu
I liked a @YouTube video https://t.co/l48wjBdZhd Stephen A. and Max get heated during Carmelo Anthony and Mike D'Antoni debate | First, neu
RT @GarettScheer: Someone tell me why James Harden deserves MVP over LeBron? https://t.co/9Ex08mtj5f, neg
LeBron James has more total Points Rebounds Assists Blocks higher FG% higher 3-pt% fewer Turnovers and 14 moâ€¦ https://t.co/1TFmpx4UDW, neg
RT @TheHerd: LeBron James leads James Harden in every total individual statistical category https://t.co/dFohdw6pWT, neg
James HardenLBJADDame Westbrook https://t.co/pYmh896UZi, neu
Ingram makes NBA debut in Rockets' 105-99 win over Lakers LOS ANGELES (AP) Ã¢â‚¬â€ Chris Paul warmly greeted Andre Ingrâ€¦ https://t.co/vy6gWOCO4l, pos
RT @ABC: Paul Ryan's retirement announcement "a big indicator that the speaker doesnâ€™t think heâ€™d be speaker anymoreâ€ Chris Christie tellsâ€¦, neu
RT @famouslos32: .@CP3 pulling moves out his NC Gators bag ğŸ™ğŸ¾ğŸ˜‚ https://t.co/2fszDF9UfK, pos
RT @NPR: On Tuesday night Andre Ingram 32 came off the bench against the Houston Rockets to drain four 3-pointers on his way to one of tâ€¦, neg
@kazclu @CJizzbomb https://t.co/5WH5OtV4xE, neu
RT @ZachOnCST: Khloe's Top Name Choices:Fuck Tristan ThompsonCheatin Ass ThompsonCleveland Sucks ThompsonDaddy Bron Thompson Lamar Odâ€¦, neu
@DylansFreshTake James Harden be like... https://t.co/qRzyD3llUI, neu
RT @SoleCollector: #SoleWatch: @CP3 rocking another pair of exclusive Air Jordan 3s tonight. https://t.co/D78RJ9xXhk, neu
RT @dmorey: Congratulations to @JHarden13 on 1st scoring title! #MVP, pos
@Derek_Tolliver0 @Gavaaaaaa @tyler_reed24 @AugustMills @NBA @russwest44 @okcthunder @NBAHistory We don't play baskeâ€¦ https://t.co/wNtCgoGIGS, neu
RT @astros: It all begins tonight. Shoutout to the @HoustonRockets as they start their playoff run! ğŸš€ğŸš€ğŸš€#HTownPride | #RunAsOne https://â€¦, pos
RT @astros: It all begins tonight. Shoutout to the @HoustonRockets as they start their playoff run! ğŸš€ğŸš€ğŸš€#HTownPride | #RunAsOne https://â€¦, pos
RT @astros: It all begins tonight. Shoutout to the @HoustonRockets as they start their playoff run! ğŸš€ğŸš€ğŸš€#HTownPride | #RunAsOne https://â€¦, pos
RT @KPRC2AdamW: #Rockets injury update: Ryan Anderson listed as questionable. (Mbah a Moute is OUT)., neg
RT @adamclanton: Pretty pumped that #ItsABoy! My little mini-me debuting this October...just in time to raise a #Rockets banner and #NeverSâ€¦, pos
RT @NBA: The crossovers dimes and swishes... get ready for the @HoustonRockets #NBAPlayoffs opener with @JHarden13's BEST of the season!â€¦, pos
@realchriswebber @HoustonRockets @Timberwolves ğŸ¤˜ğŸ¤˜ğŸ¤˜ğŸ¤˜ğŸ¤˜ğŸš€ğŸš€ğŸš€ğŸš€ğŸš€, pos
RT @Cavsanada: Just realized if Lebron and Paul George go to Houston this offseason.. Starting line up first name would be:Chris Paulâ€¦, neu
Am I witnessing playoff Chris Paul?!?ğŸ˜­, pos
#clintcapela #rockets Capela balling, pos
RT @CardenasMaLWOS: Clint Capela:20 points10 rebounds 2 blocks 8-11 FG Itâ€™s halftime. #Rockets, pos
RT @sebakatz: Los Houston Rockets de Avellaneda. https://t.co/iIdQWqxeaL, neu
James Harden is Ridiculousâ€¼ï¸, pos
Nvm @JHarden13 in his bag now https://t.co/LJVCByknJ6, pos
Itâ€™s game 1 in round 1 of the playoffs relax lol and the games not even over yet https://t.co/RPSPndChIe, neu
@greatest3v3r @HoustonRockets Iâ€™m confused. ANthony Davis would have 40, neu
RT @_LandonMoss: @JHarden13 got these boys ankles out here having nightmares ğŸ˜¨ @adidasHoops yâ€™all gotta do something it ainâ€™t even fair! htâ€¦, pos
RT @aldrinisdead: JAMES HARDEN MVP, pos
RT @DefPenHoops: â”â”“  â”ƒâ”ƒâ•±â•² in thisâ”ƒâ•±â•±â•²â•²  houseâ•±â•±â•­â•®â•²â•²  we â–”â–â”—â”›â–•â–”    appreciateâ•±â–”â–”â–”â–”â–”â–”â–”â–”â–”â–”â•²            James Hardenâ•±â•±â”â”³â”“â•­â•®â”â”³â”“ â•²â•² â–”â–â”—â”»â”›â€¦, pos
RT @HoustonRockets: JAMES HARDEN 43 POINTS! ğŸ˜±#MVP, pos
RT @HoustonRockets: JAMES HARDEN 43 POINTS! ğŸ˜±#MVP, pos
RT @grand442003: GO Houston Rockets.  Thank you @HoustonRockets for supporting Vivian and Stage 4 Carcinoid Cancer. Plz read my miracle inâ€¦, pos
Increible lo se Chris Paul QUEEE HACEEES., neu
Ugh. Donâ€™t even think that was a three there. Iâ€™ve seen better end of game possessions. #AllEyesNorth #Rockets #NBAPlayoffs, neg
RT @23thagogetta: Chris paul was on that fuck boy clipper shit tonight. Goodnight, neg
I hate Chris Paul I swear heâ€™s gonna cost Harden his ring, neg
RT @Cavsanada: Just realized if Lebron and Paul George go to Houston this offseason.. Starting line up first name would be:Chris Paulâ€¦, neu
Kobe!!!! https://t.co/SAUsnDd5WP, neu
RT @NBA: ğŸ”¥ James Harden is on fire! ğŸ”¥#Rockets #NBAPlayoffs https://t.co/lvnyjYfYRO, pos
RT @NBA: Clint Capela posts 1st half double-double on his way to a #NBAPlayoffs career-high 24 PTS 12 REB! #Rockets https://t.co/0jrDBqegMM, pos
RT @NBA: Harden in Game 1:44 PTS8 ASTS7 3PM#Rockets https://t.co/M3nZb3Q8fG, pos
(James Harden and Clint Capela power Houston Rockets in Game 1 win) has been published on  - https://t.co/rZys24PjTq https://t.co/L635TxmA0u, pos
I liked a @YouTube video https://t.co/Ds96WskzYQ James Harden MVP Performance 44 Pts in Game 1! 2018 NBA Playoffs, pos
RT @Cavsanada: Just realized if Lebron and Paul George go to Houston this offseason.. Starting line up first name would be:Chris Paulâ€¦, neu
Matt Bergmann and Friends #LowcardMag: LowcardMag â€“ If you havenâ€™t watched Mattâ€™s recent Lowcard video check out thâ€¦ https://t.co/Wb3cvYbgq9, neu
@Tennis @RafaelNadal @ClaytonKersh22 @JHarden13 I do agree Nadal is the greatest of all time but believe the questiâ€¦ https://t.co/2dyO1zHQbe, neu
RT @ManUtdReport_: FT: Bournemouth 0-2 Manchester United âš½ï¸ Chris Smalling ğŸ¯ Jesse Lingard âš½ï¸ Romelu Lukaku ğŸ¯ Paul Pogba #mufc httpâ€¦, neu
@PlayLine @russwest44 @KingJames @JHarden13 @ReBrit89, neu
RT @KellyIkoNBA: Luc Mbah a Moute says his rehab is already ahead of schedule but doesnâ€™t want to put a specific date on his return. Slimâ€¦, neu
@HoustonRockets ğŸ‘€ğŸ‘€ğŸ‘€, neu
My All-Old Man Team:PG: Tony ParkerSG: Jamal CrawfordSF: Joe JohnsonPF: Dirk NowitzkiC: Pau GasolBench:  Dâ€¦ https://t.co/WAZXgLsYUx, neu
RT @NBA: Gerald Green fires and connects on triple #4 of the 1st half!@HoustonRockets extend their lead to 51-35 on @NBAonTNT.#Rocketsâ€¦, pos
eu nunca critiquei nenhum jogador da franquia Houston Rockets, neu
@CP3 your a bitch all u do is cry.ğŸ˜‚, neg
Chris Paul so disrespectful ğŸ¤§, neg
RT @World_Wide_Wob: Chris Paul improv hour https://t.co/VWXFPBOEhO, neu
@MrTheological @Young_E45 @HoustonRockets We used to get crazy buckets at the rec lol, neu
RT @KingJosiah54: â€œJames Harden donâ€™t play defense!â€Harden: https://t.co/ppXzF2JLzI, neg
RT @NBAonTNT: .@CP3 (27 PTS 8 AST) &amp; the @HoustonRockets roll past the @Timberwolves to grab a 2-0 series lead! #NBAPlayoffs https://t.câ€¦, pos
RT @BleacherReport: .@CP3â€™s floater had some hang time ğŸ˜¯ https://t.co/G948r0ZxwN, pos
RT @moyz_manzoor: James harden can go 2-18 and his team still wins in a blow out but lebron drops 46 and wins by 3. Lebron should  definiteâ€¦, neg
RT @BenDuBose: Â¿Como? Back-to-back wins with the #Astros offense finally breaking out? Springer Altuve Correa Marwin and McCann all wiâ€¦, neu
RT @NBA: Rim protector Clint Capela! ğŸš«ğŸ’ª#Rockets 80 | #AllEyesNorth 58 after three in Houston.ğŸ“º: @NBAonTNT https://t.co/n1lgtT3fOd, pos
RT @BonnyriggAms: FT;Rose 5-1 Haddington.Goals: Chris Robertson x2 Paul Waters x2 &amp; Calumn Hunter.MOTM: Chris Roxburgh.Great win tâ€¦, neu
PG: Chris Paul ($1)SG: Klay Thompson ($2)SF: LeBron James ($5)PF: Kristaps Porzingis ($4)C: Joel Embiid ($3) https://t.co/9nOGwf423j, neu
RT @PlayLine: ğŸ’°If @JHarden13 gets a TRIPLE DOUBLE tonight we will split $100 with 10 of you who RT &amp; FOLLOW!!!!!!!!!!!!!ğŸ’°ğŸ’°ğŸ’°We love givingâ€¦, pos
Every time James harden dunks he checks his nose like he got hit in the face and that may be my biggest NBA pet peeâ€¦ https://t.co/crNchPcetz, neu
watching Houston Rockets, pos
RT @HF5Basquet: #NBA | Final del 3C â° ğŸ€  #AllEyesNorth 87 - #Rockets 75 ğŸ‘¤ @mh_peralta ğŸ† Juego 3ğŸ’» #NBAenHaceF5 https://t.co/r4h3laGsâ€¦, neu
ã‚¿ã‚¦ãƒ³ã‚ºã‚¯ã‚½ç…½ã£ã¦ã‚‹wwww https://t.co/OBgtNb0kVw, neu
@jordanXCountry @HoustonRockets @JHarden13 They have no paint work ğŸ˜‚ All your team does it shoot 3's, neg
RT @NBA: The @Timberwolves drain an #NBAPlayoffs franchise record 15 threes to protect home court and defeat the @HoustonRockets 121-105!â€¦, neg
