IMPORTANT!!! #CTA #CHICAGO #COMMUTERS #THEPOLICE #FBI @CTA @chicagobulls @ChicagoBears @whitesox @Cubs‚Ä¶ https://t.co/LpdmBnkvk0, neu
Nike Air Jordan Retro 10s OG "Chicago Bulls" Sz 6.5 Red White https://t.co/93Thg8nkk4, neu
2 Tickets Chicago Bulls Denver Nuggets Mar 22 Aisle Seats Sec 327 Row 10 https://t.co/lTCUMQazvc https://t.co/eJHuK57Dou, neu
Alguns jogadores Free Agents na NBA para a pr√≥xima temporada:LeBron JamesKevin DurantPaul GeorgeChris PaulDeM‚Ä¶ https://t.co/zrEFTkhYNT, neu
@ASOM233334 @FireEngine97 @chicagobulls true. hawks struggle. but seems atl united rep their city well., neu
#NBA üìö | Las lesiones siguen para Kris Dunn https://t.co/vtDR4qoAwl, neu
RT @Oldskoolbball1: Charles Barkley Vs. Charles Oakley - Both Wants Pieces Of Each Other! (76ers @ Bulls 1987)https://t.co/fmEDOZh2c7Chu‚Ä¶, neu
RT @theBreaux: üëäüèæ thank you guys!! https://t.co/ozEsrNq03v, neu
Playing @chicagobulls for the first round playoffs series in my player #bouttobeabreeze, neu
RT @NBAWorldNewz: Chicago Bulls: Can Zach LaVine be a max-contract player? https://t.co/CDlYnUAtox, pos
Pour le reste de l'infirmerie Zipser a de nouveau des douleurs au pied et manquera ce soir. LaVine devrait manquer‚Ä¶ https://t.co/uK0ttuVbGU, neu
Giannis Antetokounmpo (ankle) will not play tonight vs. Chicago Bulls https://t.co/ezyEsu2Xvr https://t.co/K0kL0sSRxD, pos
RT @ChiSportUpdates: Tonight the Chicago Bulls play the Milwaukee Bucks for the last time this season. https://t.co/1rYUPN4zYg, pos
ŒßŒ¨ŒΩŒµŒπ œÑŒø œÄŒ±ŒπœáŒΩŒØŒ¥Œπ Œ∫œåŒΩœÑœÅŒ± œÉœÑŒøœÖœÇ Chicago Bulls Œø ŒàŒªŒªŒ∑ŒΩŒ±œÇ œÉŒøœçœÄŒµœÅœÉœÑŒ±œÅ œÑœâŒΩ Milwaukee Bucks https://t.co/dXi2ktOGFI, neu
Elliott corrective trend will be over in less than #2weeks. Will #Bulls return to #Bitcoin ? https://t.co/QdnSyOmOvg, neu
RT @WolfieSenpai23: @UrayoanC @undisputed @RealSkipBayless @kobebryant @chicagobulls @JHarden13 @HoustonRockets  https://t.co/IfI10meY6o, neu
@UCLAMBB Young #SQUAD üôåüèºüôèüèæüèÄüèÜ @ZachLaVine @KyleAnderson5 @npowell2404 @balford20 https://t.co/JRRpFZ2tP0, neu
RT @GodzoBall: @WolfieSenpai23 @UrayoanC @undisputed @RealSkipBayless @kobebryant @chicagobulls @JHarden13 @HoustonRockets  https://t.co/Ea‚Ä¶, neu
And don't forget @Will_Perdue32 is with us as well. We'll discuss the growing number of injured Bulls players what‚Ä¶ https://t.co/KQkDrCXrt8, neg
RT @chicagobulls: It's gameday!üëâLauri Markkanen is back and starting tonightüëâGiannis Antetokounmpo is out for the BucksFull @Cinkciarz‚Ä¶, pos
Sigh......... #BullsNation https://t.co/vOYnLUgdKl, neg
Chicago Bulls vs Milwaukee Bucks NBA Today 3:01https://t.co/VIICVaBv6n https://t.co/VIICVaBv6n, pos
Warming up to watch Chicago Bulls at the United Center. Awesome stadium. @GrantDodd1 https://t.co/5lS6ya9ApS, pos
#Basketball #Livescore @ScoresPro: (USA-NBA) #Chicago Bulls vs #Milwaukee Bucks: 15-7 ..., pos
im not gonna talk about the bulls game until the bucks take a comfortable lead #BullsNation, neg
Zach LaVine 2014-15 Panini Luxe Memorabilia Autograph Serial #27/60 Auto RC Year https://t.co/eEXsoe9PYQ https://t.co/lpe9KPEjXH, neu
Eu s√≥ queria ser o Fel√≠cio mlk https://t.co/o1tkF3Z3O1, neu
@414Redd @Bucks @chicagobulls nigga what u not real, neu
RU STaNDUP COMiC material? Move over Dave Chappell!‚Äù https://t.co/QFiTv59C2m¬†C https://t.co/bcZW15mpCP c #stars‚Ä¶ https://t.co/oq2butRjCa	2018-03-24 02:18:31	None
4042	38968665	Final: #Bucks 118 #Bulls 105. Bulls drop to 24-48	2018-03-24 02:18:38	None
4043	49880043	Final: Bucks 118 #Bulls 105. #BullsNation	2018-03-24 02:18:46	None
4044	749114709027098624	RT @theBreaux: My @chicagobulls artist series hat gets released at the game today! Who in the Chicago area can't make it to the game but wa‚Ä¶	2018-03-24 02:18:55	None
4045	556505586	Goals ü§ûüèæüëèüèæüëèüèæ https://t.co/NGOjh9jOu1	2018-03-24 02:18:56	None
4046	15477569	Ah well. At least I got my free coffee #BullsNation	2018-03-24 02:18:56	None
4047	1375886298	Enjoy tht L @chicagobulls üòÇ	2018-03-24 02:18:57	None
4048	802203981929975808	@chicagobulls  https://t.co/2v8B7aPlwH	2018-03-24 02:19:01	None
4049	297965399	3rd Quarter One Box Video: Chicago Bulls vs. Milwaukee Bucks ‚Äì Chicago¬†Video https://t.co/u1b8JAkgJa https://t.co/1IxLglMRkR	2018-03-24 02:19:07	None
4050	3025459853	FINAL: Bucks 118 Bulls 105#RunWithUs #BullsNation Next Game: Tomorrow at Pistons	2018-03-24 02:19:21	None
4051	749953926	#Bulls fall 118-105 to Bucks their 4th straight loss. Chicago drops to 24-48.In the race to the bottom #Bulls a‚Ä¶ https://t.co/4iE4s3E8Nh	2018-03-24 02:19:25	None
4052	111396590	RT @Air23News: CHICAGO BULLS VIBES ON THIS UPCOMING NIKE AIR MAX 97 ULTRA https://t.co/DBivziZECZ via @Air23News https://t.co/MkxZQV3t3k	2018-03-24 02:19:34	None
4053	587866520	RT @DarnellMayberry: Final: Bucks 118 #Bulls 105. #BullsNation	2018-03-24 02:19:34	None
4054	188151682	vai caralho ganha #BullsNation	2018-03-24 02:19:38	None
4055	27084414	Final: Bucks 118 #Bulls 105Postgame is next: https://t.co/6pC174BHJJ	2018-03-24 02:19:53	None
4056	819755654671978497	@chicagobulls #TankSZN	2018-03-24 02:19:55	None
4057	332588536	Good job @chicagobulls	2018-03-24 02:20:00	None
4058	808034526240866305	Very thankful 4 all of my #followers. üîÄ https://t.co/tAQTknFlje üîÄ #LewisHamilton #TradeWar #BullsNation @GamersLiveRT @sexxxlik	2018-03-24 02:20:01	None
4059	561916773	Chicago Bulls - Milwaukee Bucks 105:118Mais informa√ß√£o: https://t.co/IZQNAh8l2i https://t.co/Iql6KkUbQf	2018-03-24 02:20:01	None
4060	2610198180	Denzel Valentine - Chicago Bulls20 PTS5 RBD3 AST1 BK2 STL5 TO[FD(34.5: 8X) DK(36.25: 7.6X)]	2018-03-24 02:20:03	None
4061	2610198180	Cristiano Felicio - Chicago Bulls11 PTS11 RBD3 AST1 TO[FD(27.7: 7.9X) DK(30.25: 10.1X)]	2018-03-24 02:20:03	None
4062	2610198180	Cameron Payne - Chicago Bulls17 PTS4 RBD6 AST1 STL1 TO[FD(32.8: 9.4X) DK(33.5: 11.2X)]	2018-03-24 02:20:03	None
4063	2610198180	Bobby Portis - Chicago Bulls16 PTS6 RBD1 AST1 BK1 TO[FD(26.7: 7X) DK(28: 6.4X)]	2018-03-24 02:20:04	None
4064	1166393329	FINAL: Bucks 118-105 #CHIBulls#MILvsCHI #BullsNation	2018-03-24 02:20:07	None
4065	795530992362684417	Final: Bucks 118 Bulls 105. MIL: S Muhammad 21pts 5reb 3ast CHI: D Valentine 20pts 5reb 3ast (ESPN)‚Ä¶ https://t.co/2O63HOKliD	2018-03-24 02:20:08	None
4066	793885900979703808	Final: Bucks 118 Bulls 105. MIL: S Muhammad 21pts 5reb 3ast CHI: D Valentine 20pts 5reb 3ast (ESPN)‚Ä¶ https://t.co/4fwlKda06t	2018-03-24 02:20:10	None
4067	63812017	Final: Bucks 118 Bulls 105. MIL: S Muhammad 21pts 5reb 3ast CHI: D Valentine 20pts 5reb 3ast (ESPN) https://t.co/zACToH2wlW #Bulls	2018-03-24 02:20:11	None
4068	3557747233	[CHICAGO BULLS] Final: Bucks 118 Bulls 105. MIL: S Muhammad 21pts 5reb 3ast CHI: D Valentine 20pts 5reb 3ast (E‚Ä¶ https://t.co/iP2HzBjAki	2018-03-24 02:20:12	None
4069	39946488	chicagobulls: Cam hits a deep 3 to make this interesting..! Let's go #BullsNation! https://t.co/1Q7S8xUd08 #chicagobulls	2018-03-24 02:20:12	None
4070	2793471280	RT @chicagobulls: Cam hits a deep 3 to make this interesting..! Let's go #BullsNation! https://t.co/PvwAxSuZyS	2018-03-24 02:20:15	None
4071	827182062562058241	@chicagobulls I'm sad these poor players give it their all. But against full blown starters it's too much	2018-03-24 02:20:18	None
4072	772662208950067200	¬°Final del juego en el United Center! Chicago Bulls caen derrotados 119-105 ante Milwaukee Bucks... #GoBulls #BullsNation #NBA	2018-03-24 02:20:37	None
4073	820710553962299393	RT @NEWS4_NICK: In honor of their 11 seed here are 11 fun facts about @UBwomenshoops showdown with South Carolina in the Sweet 16 - https:‚Ä¶	2018-03-24 02:20:39	None
4074	1428313843	Good effort @chicagobulls Thats all i ask of. Couldnt pay that close attention but i did see the effort was there üëä	2018-03-24 02:20:42	None
4075	101971989	#BullsNation	2018-03-24 02:20:42	None
4076	18843080	PINCHE #BULLS !! #EmbraceTheTank	2018-03-24 02:20:47	None
4077	163442237	#BullsNation why @campayne wearing @RealJayWilliams jersey number @chicagobulls #legend	2018-03-24 02:20:49	None
4078	4352619077	Proud to see the team cheering on our hometown @chicagobulls! https://t.co/pwnnnIiRAo	2018-03-24 02:21:19	None
4079	774250788910751744	FINAL!‚û° Milwaukee Bucks 118 @ 105 Chicago Bullsüìâ 24-48 na temporada! #LoseGame! https://t.co/CNbLeyen1v	2018-03-24 02:21:26	None
4080	16212685	Bulls fall to Bucks 118-105. We go again tomorrow night in Detroit. Denzel: 20ptsPayne: 17ptsPortis: 16pts‚Ä¶ https://t.co/tPpn0twvar	2018-03-24 02:21:27	None
4081	50342687	RT @chicagobulls: Bulls fall to Bucks 118-105. We go again tomorrow night in Detroit. Denzel: 20ptsPayne: 17ptsPortis: 16pts#BullsNa‚Ä¶	2018-03-24 02:21:36	None
4082	3101407405	@chicagobulls LETS GOOOOOOOO https://t.co/pufs2dZ0hk	2018-03-24 02:21:41	None
4083	1166393329	RT @chicagobulls: Bulls fall to Bucks 118-105. We go again tomorrow night in Detroit. Denzel: 20ptsPayne: 17ptsPortis: 16pts#BullsNa‚Ä¶	2018-03-24 02:21:44	None
4084	1664463858	@chicagobulls Coming for that 5th or 6th pick!	2018-03-24 02:21:47	None
4085	969550832	Huge Shout Out &amp; Congratulations to our Baby Beauty for dancing at the Chicago Bulls Game with her team üòé We're so‚Ä¶ https://t.co/3NNVsmgz5N	2018-03-24 02:21:49	None
4086	318181973	Of course we did https://t.co/Abr1smPHj1	2018-03-24 02:21:52	None
4087	834862639696248833	Had me nervous for a bit but atleast it was close enough all game that I stayed attentive. Payne played well Denz‚Ä¶ https://t.co/ih3WG7rcX3	2018-03-24 02:21:55	None
4088	3025699499	@chicagobulls GOOD WORK OUT THERE BOYS #TankWithUs	2018-03-24 02:22:00	None
4089	876294843135176705	@chicagobulls W	2018-03-24 02:22:05	None
4090	204512670	RT @chicagobulls: Bulls fall to Bucks 118-105. We go again tomorrow night in Detroit. Denzel: 20ptsPayne: 17ptsPortis: 16pts#BullsNa‚Ä¶	2018-03-24 02:22:05	None
4091	279629142	#Basketball #Livescore @ScoresPro: (USA-NBA) #Chicago Bulls vs #Milwaukee Bucks: 105-118 ...	2018-03-24 02:22:10	None
4092	112949394	@chicagobulls It's okay tanks for playing hard. @Cubs gonna smack the @Brewers all summer long anyway.	2018-03-24 02:22:10	None
4093	84615618	RT @theBreaux: My @chicagobulls artist series hat gets released at the game today! Who in the Chicago area can't make it to the game but wa‚Ä¶	2018-03-24 02:22:13	None
4094	1568720646	@chicagobulls  https://t.co/nOMjXkfGbS	2018-03-24 02:22:13	None
4095	966169146147987456	Final#FearTheDeer 118 X 105 #BullsNation	2018-03-24 02:22:18	None
4096	357083275	It‚Äôs over now! Final Score: 118-105 The @bucks win and the @chicagobulls losing streak extends to 4 games. #MILvsCHI#NBA	2018-03-24 02:22:19	None
4097	467009824	@chicagobulls Bulls suck.	2018-03-24 02:22:19	None
4098	204512670	#NBA | #Season2017-18 | Milwaukee #Bucks (38-34) 118-105 (24-48) Chicago #Bulls | Final | #UnitedCenter üá∫üá∏ |‚Ä¶ https://t.co/KNyaZELvak	2018-03-24 02:22:19	None
4099	295152135	RT @chicagobulls: Bulls fall to Bucks 118-105. We go again tomorrow night in Detroit. Denzel: 20ptsPayne: 17ptsPortis: 16pts#BullsNa‚Ä¶	2018-03-24 02:22:24	None
4100	4828195606	#GodsPlan https://t.co/NwHhLuu704	2018-03-24 02:22:26	None
4101	196580466	@GVazquezNY Por un momento pens√© que sin Giannis los #Bulls podr√≠an haber sacado una victoria...	2018-03-24 02:22:31	None
4102	880439552	#Bucks bench scores 70 of their 118 points in a win over the #Bulls. The trio of Muhammad Snell and Jennings combi‚Ä¶ https://t.co/s1C6VUqh4I	2018-03-24 02:22:34	None
4103	4451142749	A entertaining #TankWin for #BullsNation Turnovers galore does the job. Just a game away to dump down towards a 6th‚Ä¶ https://t.co/4vxWLi9LMi	2018-03-24 02:22:35	None
4104	784105800725692416	I liked a @YouTube video https://t.co/NyJDopvCHh Documentary: The Demise Of The Chicago Bulls (1/2)	2018-03-24 02:22:35	None
4105	3820172301	@chicagobulls  https://t.co/SVQcXVutSj	2018-03-24 02:22:39	None
4106	1088152615	RT @chicagobulls: Cam hits a deep 3 to make this interesting..! Let's go #BullsNation! https://t.co/PvwAxSuZyS	2018-03-24 02:22:44	None
4107	632128647	#Bulls lose to the #Bucks who didn't have Giannis!! https://t.co/2VgMYP6nTU	2018-03-24 02:22:53	None
4108	487208153	@chicagobulls  https://t.co/wZqN0vDkYt	2018-03-24 02:22:57	None
4109	27648776	RT @batmankm: So did you know that @chandlerriggs will be at @WalkrStalkrCon #Chicago He will also be in my show tribute art. Although loo‚Ä¶	2018-03-24 02:22:58	None
4110	811000844661309442	@chicagobulls  https://t.co/2hArzJhnXg	2018-03-24 02:23:01	None
4111	2319815600	The Chicago Bulls are now tied with 7th-place Kings in wins column.	2018-03-24 02:23:02	None
4112	53209421	DARN!!! My @ChicagoBulls lost to #Bucks üèÄüò°https://t.co/VxynIuNbmS	2018-03-24 02:23:04	None
4113	33243882	Tank the process https://t.co/AXFPYj2T4f	2018-03-24 02:23:04	None
4114	4727085135	FINAL!#FearTheDeer 118x105 #BullsNationShabazz Muhammad 21 PTS 5 REB 3 AST Denzel Valentine 20 PTS 5 REB 3 AST	2018-03-24 02:23:07	None
4115	176196328	@chicagobulls  https://t.co/Mx7ibxAd83	2018-03-24 02:23:10	None
4116	333715851	RT @chicagobulls: Bulls fall to Bucks 118-105. We go again tomorrow night in Detroit. Denzel: 20ptsPayne: 17ptsPortis: 16pts#BullsNa‚Ä¶	2018-03-24 02:23:11	None
4117	970358366605398017	Kill me now https://t.co/vgiBuUfr7C	2018-03-24 02:23:21	None
4118	976239879196692480	Los #Bucks impusieron condiciones sin su m√°xima estrella: victoria 118-105 ante los #Bulls. Shabazz #Muhammad anot√≥‚Ä¶ https://t.co/2fuRAlgjj7	2018-03-24 02:23:22	None
4119	907826582420684800	RT @ChiSportUpdates: The Chicago Bulls are now tied with 7th-place Kings in wins column.	2018-03-24 02:23:23	None
4120	101971989	RT @ChiSportUpdates: The Chicago Bulls are now tied with 7th-place Kings in wins column.	2018-03-24 02:23:23	None
4121	709590276	@chicagobulls  https://t.co/IFfB1VaPAn	2018-03-24 02:23:24	None
4122	101156198	RT @chicagobulls: Bulls fall to Bucks 118-105. We go again tomorrow night in Detroit. Denzel: 20ptsPayne: 17ptsPortis: 16pts#BullsNa‚Ä¶	2018-03-24 02:23:26	None
4123	27648776	@batmankm @chandlerriggs @WalkrStalkrCon @chicagobulls Very nice!!!!	2018-03-24 02:23:33	None
4124	907826582420684800	Our Chicago scores today Our Chicago Cubs WIN 4-3Our Chicago White Sox TIED 5-5 Our Chicago Bulls LOST 118-105	2018-03-24 02:23:35	None
4125	907826582420684800	RT @JacobWestensko4: Our Chicago scores today Our Chicago Cubs WIN 4-3Our Chicago White Sox TIED 5-5 Our Chicago Bulls LOST 118-105	2018-03-24 02:23:37	None
4126	2986320092	RT @Marco_Boomin: Goals ü§ûüèæüëèüèæüëèüèæ https://t.co/NGOjh9jOu1	2018-03-24 02:23:41	None
4127	818257778984808450	RT @chicagobulls: Bulls fall to Bucks 118-105. We go again tomorrow night in Detroit. Denzel: 20ptsPayne: 17ptsPortis: 16pts#BullsNa‚Ä¶	2018-03-24 02:23:47	None
4128	188151682	e perdeu #BullsNation	2018-03-24 02:23:49	None
4129	2931324191	RT @theBreaux: My @chicagobulls artist series hat gets released at the game today! Who in the Chicago area can't make it to the game but wa‚Ä¶	2018-03-24 02:23:50	None
4130	849646602365145093	@chicagobulls WONDERFUL W	2018-03-24 02:23:55	None
4131	755447402476269568	RT @chicagobulls: Bulls fall to Bucks 118-105. We go again tomorrow night in Detroit. Denzel: 20ptsPayne: 17ptsPortis: 16pts#BullsNa‚Ä¶	2018-03-24 02:24:01	None
4132	4844442443	RT @nbadamassa_: Esse (provavelmente) √© o melhor v√≠deo que voc√™ ver√° hoje o Fel√≠cio colocou os companheiros do Chicago Bulls para pronunci‚Ä¶	2018-03-24 02:24:20	None
4133	4919748351	RT @chicagobulls: Bulls fall to Bucks 118-105. We go again tomorrow night in Detroit. Denzel: 20ptsPayne: 17ptsPortis: 16pts#BullsNa‚Ä¶	2018-03-24 02:24:23	None
4134	4314580877	Bucks Win!Final Score#FearTheDeer 118#BullsNation 105Top Scorers üèÄMIL: Muhammad (21) Snell (18)CHI: Valent‚Ä¶ https://t.co/bPc2Lt0cby	2018-03-24 02:24:29	None
4135	482287053	RT @Blessed_since86: Of course we did https://t.co/Abr1smPHj1	2018-03-24 02:24:30	None
4136	4727085135	Particularmente tor√ßo para o @Bucks ficar na s√©tima posi√ß√£o. N√£o quero ver outro confronto contra os canadenses no‚Ä¶ https://t.co/oZcvQiJjHq	2018-03-24 02:24:33	None
4137	188151682	RT @chicagobulls: Bulls fall to Bucks 118-105. We go again tomorrow night in Detroit. Denzel: 20ptsPayne: 17ptsPortis: 16pts#BullsNa‚Ä¶	2018-03-24 02:24:34	None
4138	3019702260	#Bulls fall to the @Bucks 118-105. #BullsNation https://t.co/IdIiOxg2I2	2018-03-24 02:24:35	None
4139	862903580600266752	FINAL DE JOGO:Chicago Bulls 105-118 Milwaukee Bucks‚Ä¢ Campanha: 24 Vit√≥rias &amp; 28 DerrotasDestaque:Denzel Valen‚Ä¶ https://t.co/UzQAKP89Zo	2018-03-24 02:24:37	None
4140	46307304	@chicagobulls Play hard and lose late #EliteLevelTanking	2018-03-24 02:24:41	None
4141	923288113258090496	#Bucks-118 #Bulls-105MILShabazz Muhammad 21 pts 5 reb 3 astTony Snell 18 ptsKhris Middleton 16 pts 3 reb 6 ast‚Ä¶ https://t.co/g7RqCSTqFj	2018-03-24 02:24:54	None
4142	48548486	ICYMI: From @kdthompson5 Can Zach LaVine be a max-contract player? https://t.co/0H18qGJiJP	2018-03-24 02:24:58	None
4143	778158129406148608	Chicago Bulls vs Milwaukee Bucks Full Time Score: 105-118 #Bucks #Bulls #BullsvsBucks #MILvsCHI #NBA https://t.co/RELoxp88xU	2018-03-24 02:25:06	None
4144	774250788910751744	üìä Boxscore ‚¨áValentine: 20pts 5rebs 3asts 2stlsPayne: 17pts 4rebs 6astsPortis: 16pts 8rebsFel√≠cio: 11pts/‚Ä¶ https://t.co/rt8OvK8cYQ	2018-03-24 02:25:12	None
4145	824432589306023940	RT @BullScripted: Had me nervous for a bit but atleast it was close enough all game that I stayed attentive. Payne played well Denzel dro‚Ä¶	2018-03-24 02:25:14	None
4146	5861392	Channelling my inner Lauri Markkanen and Joseph Schooling. #swimming #basketball‚Ä¶ https://t.co/WguiyeoH4m	2018-03-24 02:25:16	None
4147	393523747	Bucks beat Bulls 118-105Leading scorers:Valentine: 20 pts 5 rebs 3 asts 2 stlsPayne: 17 pts 4 rebs 6 ast‚Ä¶ https://t.co/1zYOIEb17H	2018-03-24 02:25:15	None
4148	39946488	chicagobulls: Bulls fall to Bucks 118-105. We go again tomorrow night in Detroit. Denzel: 20ptsPayne: 17ptsPor‚Ä¶ https://t.co/EorQR48e2B	2018-03-24 02:25:17	None
4149	862903580600266752	FINAL DE JOGO:Chicago Bulls 105-118 Milwaukee Bucks‚Ä¢ Campanha: 24 Vit√≥rias &amp; 48 DerrotasDestaque:Denzel Valen‚Ä¶ https://t.co/d0rBsatRmV	2018-03-24 02:25:22	None
4150	1518476738	@chicagobulls got to say Payne has helped the Bulls play better than not.  Hes not the tank commander we thought he was	2018-03-24 02:25:32	None
4151	3142363759	RT @chicagobulls: Bulls fall to Bucks 118-105. We go again tomorrow night in Detroit. Denzel: 20ptsPayne: 17ptsPortis: 16pts#BullsNa‚Ä¶	2018-03-24 02:25:32	None
4152	3280396548	24-48 #BullsNation	2018-03-24 02:25:47	None
4153	824432589306023940	RT @Baezjr_: #GodsPlan https://t.co/NwHhLuu704	2018-03-24 02:25:54	None
4154	97718924	@chicagobulls üò∂üò∂üò∂üò∂ https://t.co/Okr8gW72GT	2018-03-24 02:25:56	None
4155	824432589306023940	Beautiful https://t.co/HXsjyYgDfV	2018-03-24 02:26:01	None
4156	39521297	RT @Baezjr_: #GodsPlan https://t.co/NwHhLuu704	2018-03-24 02:26:04	None
4157	4043198356	RT @CodyWesterlund: #Bulls fall 118-105 to Bucks their 4th straight loss. Chicago drops to 24-48.In the race to the bottom #Bulls are i‚Ä¶	2018-03-24 02:26:33	None
4158	527073883	@NBA #NBA@chicagobulls 105 @Bucks 118#BullsNation #FearTheDeer #Bulls vs #Bucks https://t.co/TpnEsmrgl1	2018-03-24 02:26:44	None
4159	1088152615	@SteeloBrim fuck manBulls are having a tough season #Ridiculousness https://t.co/aP8JUu77z0	2018-03-24 02:26:52	None
4160	966169146147987456	Destaques #BullsNation:Valentine: 20 pts 5 reb 3 ast e 2 stlPayne: 17 pts 4 reb e 6 astPortis: 16 pts e 6 reb‚Ä¶ https://t.co/p1aJXh27Jm	2018-03-24 02:27:08	None
4161	4079674573	@RileyLangthorp @ZachMack24 @RedDevilsUnited @CorranTrotter @JMartinez1397 @undisputed @RealSkipBayless @kobebryant‚Ä¶ https://t.co/Gjwgr4pKVg	2018-03-24 02:27:14	None
4162	808876477521465349	@chicagobulls An L is a W why are we not recognizing facts.  ü§îü§îü§îü§î	2018-03-24 02:27:21	None
4163	834862639696248833	Bulls remaining 10 games:@ Pistons 3/24@ Rockets 3/27@ Heat 3/29@ Magic 3/30 (Zach out B2B)Vs. Wizards 4/1Vs‚Ä¶ https://t.co/IXfWf2AmOu	2018-03-24 02:27:27	None
4164	927047092970848256	@chicagobulls Soon https://t.co/hanCqSRgJF	2018-03-24 02:27:36	None
4165	46255831	It almost took the whole season but the @bucks finally better than the @chicagobulls.  #FearTheDeer https://t.co/YIm5EqgFWm	2018-03-24 02:27:46	None
4166	22035547	RT @theBreaux: My @chicagobulls artist series hat gets released at the game today! Who in the Chicago area can't make it to the game but wa‚Ä¶	2018-03-24 02:27:51	None
4167	876294843135176705	0-10 !!!!! https://t.co/fKdGdBJmot	2018-03-24 02:28:05	None
4168	203482852	RT @Baezjr_: #GodsPlan https://t.co/NwHhLuu704	2018-03-24 02:28:06	None
4169	824432589306023940	0-10 https://t.co/WgYrTKU2N6	2018-03-24 02:28:12	None
4170	1647007159	RT @chicagobulls: Bulls fall to Bucks 118-105. We go again tomorrow night in Detroit. Denzel: 20ptsPayne: 17ptsPortis: 16pts#BullsNa‚Ä¶	2018-03-24 02:28:20	None
4171	752668044770611200	@BullsBlog @chicagobulls @Cubs @Brewers reds will smack both of them	2018-03-24 02:28:22	None
4172	716973246	RT @__Christan: Bucks beat Bulls 118-105Leading scorers:Valentine: 20 pts 5 rebs 3 asts 2 stlsPayne: 17 pts 4 rebs 6 astsFelici‚Ä¶	2018-03-24 02:28:37	None
4173	401097482	@chicagobulls Please no more wins for whats left of the season.	2018-03-24 02:28:40	None
4174	900955079695400960	#NBA FINAL | Milwaukee Bucks 118 - Chicago Bulls 105#FearTheDeer #BullsNation Shabazz Muhammad: 21pts/5r/3as/‚Ä¶ https://t.co/VIy2uOLSpq	2018-03-24 02:28:58	None
4175	130982309	RT @chicagobulls: Bulls fall to Bucks 118-105. We go again tomorrow night in Detroit. Denzel: 20ptsPayne: 17ptsPortis: 16pts#BullsNa‚Ä¶	2018-03-24 02:29:21	None
4176	970816823250780166	RT @BullScripted: Okay I can exhale and dance now.... Great tank W. I now see why Felicio is so valuable it all makes sense now. Only 12 m‚Ä¶	2018-03-24 02:29:29	None
4177	112949394	@anythingreds @chicagobulls @Cubs @Brewers  https://t.co/v7CRSHaPbF	2018-03-24 02:29:44	None
4178	99118245	@ElReyApostador @chicagobulls @Bucks El Rey lo hizo otra vez.	2018-03-24 02:29:46	None
4179	520397247	@chicagobulls #TankWin	2018-03-24 02:29:47	None
4180	969363955	RT @theBreaux: My @chicagobulls artist series hat gets released at the game today! Who in the Chicago area can't make it to the game but wa‚Ä¶	2018-03-24 02:29:57	None
4181	3087958103	I liked a @YouTube video https://t.co/culAE99tgm Zach LaVine REVENGE On His Ex Team Timberwolves 2018.02.09 - 35 Pts CLUTCH! |	2018-03-24 02:30:03	None
4182	39521297	RT @TreyBizzy: The return of the tannkkkk #Bullsnation https://t.co/CeWJs8kFtF	2018-03-24 02:30:11	None
4183	189736290	RT @LegadoNBA: #NBA FINAL | Milwaukee Bucks 118 - Chicago Bulls 105#FearTheDeer #BullsNation Shabazz Muhammad: 21pts/5r/3as/2stls htt‚Ä¶	2018-03-24 02:30:12	None
4184	324561011	RT @theBreaux: My @chicagobulls artist series hat gets released at the game today! Who in the Chicago area can't make it to the game but wa‚Ä¶	2018-03-24 02:30:17	None
4185	2229664126	@chicagobulls  https://t.co/0vamGsmOeb	2018-03-24 02:30:25	None
4186	955602431995469825	RT @LegadoNBA: #NBA FINAL | Milwaukee Bucks 118 - Chicago Bulls 105#FearTheDeer #BullsNation Shabazz Muhammad: 21pts/5r/3as/2stls htt‚Ä¶	2018-03-24 02:30:30	None
4187	970278121	RT @theBreaux: My @chicagobulls artist series hat gets released at the game today! Who in the Chicago area can't make it to the game but wa‚Ä¶	2018-03-24 02:30:49	None
4188	16212685	I loved our effort. I thought we came out early with the right mentality and set the tone in the first quarter. Ca‚Ä¶ https://t.co/gfpq6yTpGL, neu
RT @CodyWesterlund: Lauri Markkanen (back) will do his treatment lift and do some conditioning tomorrow when he stays back as #Bulls go to‚Ä¶, pos
En @unitedcenter en el juego de @chicagobulls  vs @bucks  incre√≠ble!!!  @ Chicago Bulls, neu
@chicagobulls @IamFelicio amei meus lindos, neu
Lauri Markkanen palasi tositoimiin https://t.co/2Riqq4fVtW #Susijengi https://t.co/O4nN5zWcBZ, neu
My old reliable #french #forged #knives are #sharp set  and #ready to slice the golden #bulls butt https://t.co/L7IhsaB2of, neu
@NBACanada @Raptors @chicagobulls @Sam_Huang_Fan, neu
RT @theBreaux: My @chicagobulls artist series hat gets released at the game today! Who in the Chicago area can't make it to the game but wa‚Ä¶, pos
Hey @ChicagoBulls if you ever decide to move on from the Jordan era jerseys this would be a good clean look #NBA2K https://t.co/51k76pbFn4, pos
@RedDevilsUnited @CorranTrotter @JMartinez1397 @undisputed @RealSkipBayless @kobebryant @chicagobulls @JHarden13‚Ä¶ https://t.co/BhMUxRa9y2, neu
RT @KaleeDionne: It was an honor to sing the National Anthem for the @chicagobulls https://t.co/OkqCseECCf via @YouTube, pos
RT @chicagobulls: Bulls up 34-24 after 1! Payne: 8pts / 3astPortis: 7ptsHoliday: 7pts#BullsNation https://t.co/O0p4TI69xp, pos
meu filho https://t.co/ouqjoYAUEt, neu
Loyola Chicago ML 1ULakers -5 2UHornets ML 1UTimberwolves +7.5 1.5UBulls +13 1U, neu
Yurtdƒ±≈üƒ± b√ºro NBA kuponuPhiladelphia 76ers - Minnesota Timberwolves(Uzatmalar Dahil)Tercih: Toplam Sayƒ± 228.5 A‚Ä¶ https://t.co/btEWhdxico, neu
@chicagobulls @windycitybulls Bulls needs a lot of help or new coach. https://t.co/0APMmK0qgr, neg
NIGGA WHAT https://t.co/8MSasvDcvg, neu
RT @chicagobulls: OFFICIAL: The #Bulls have signed forward Jaylen Johnson.More information: https://t.co/ZE0WsJZuOh https://t.co/O7ZMRm00‚Ä¶, pos
Detroit Pistons vs Chicago Bulls Basketball predictions - 24 March - Little Caesars Arena - http ://msnfoxsports.or‚Ä¶ https://t.co/9LPhsNtSUL, neu
Chicago Bulls vs Detroit Pistons ‚Äì NBA Full Games | Mars 242018 https://t.co/0vLAYjX3A6, neu
Bulls trail after one 36-22@campayne: 4pts@JustHolla7: 3pts 2ast https://t.co/vfNrsvq8JP, neg
@Checopala2203 @ElReyApostador @chicagobulls @Bucks :(, neg
Smh https://t.co/IxfwUxwOE4, neg
RT @_MarcusD2_: Ben Richardson Clayton Custer. Two future Chicago Bulls https://t.co/NGhlNLXpdh, pos
RT @NOTSportsCenter: City of Chicago Power Rankings 1. Chicago Cubs 2. Loyola Chicago Ramblers 3. Chicago Bears4. Chicago Blackhawks‚Ä¶, neu
RT @NOTSportsCenter: City of Chicago Power Rankings 1. Chicago Cubs 2. Loyola Chicago Ramblers 3. Chicago Bears4. Chicago Blackhawks‚Ä¶, neu
RT @NOTSportsCenter: City of Chicago Power Rankings 1. Chicago Cubs 2. Loyola Chicago Ramblers 3. Chicago Bears4. Chicago Blackhawks‚Ä¶, neu
RT @NOTSportsCenter: City of Chicago Power Rankings 1. Chicago Cubs 2. Loyola Chicago Ramblers 3. Chicago Bears4. Chicago Blackhawks‚Ä¶, neu
RT @NOTSportsCenter: City of Chicago Power Rankings 1. Chicago Cubs 2. Loyola Chicago Ramblers 3. Chicago Bears4. Chicago Blackhawks‚Ä¶, neu
RT @NOTSportsCenter: City of Chicago Power Rankings 1. Chicago Cubs 2. Loyola Chicago Ramblers 3. Chicago Bears4. Chicago Blackhawks‚Ä¶, neu
RT @NBA: Anthony Tolliver scores 25 PTS off the bench including a career-high 6 threes to lead the @DetroitPistons!#DetroitBasketball 1‚Ä¶, neg
RT @NOTSportsCenter: City of Chicago Power Rankings 1. Chicago Cubs 2. Loyola Chicago Ramblers 3. Chicago Bears4. Chicago Blackhawks‚Ä¶, neu
RT @NOTSportsCenter: City of Chicago Power Rankings 1. Chicago Cubs 2. Loyola Chicago Ramblers 3. Chicago Bears4. Chicago Blackhawks‚Ä¶, neu
NY Red Bulls 3-0 Minnesota United: Red Bulls run rampant - Via MLS üî• Football News: #bulls #united #minnesota‚Ä¶ https://t.co/sfCM4wpF8z, neu
RT @GregNyse: I think I can see the United Center from here...@chicagobulls #UpShow #SkydeckChicago @SkydeckChicago https://t.co/2DS69Y0GVj, pos
RT @NOTSportsCenter: City of Chicago Power Rankings 1. Chicago Cubs 2. Loyola Chicago Ramblers 3. Chicago Bears4. Chicago Blackhawks‚Ä¶, neu
RT @WTF_OS: #NBA2k18 @kingjames mod by Shasha w/ Zach Lavine in the background https://t.co/4cU2cLW1sG, neu
RT @chicagobulls: .@ctsbulls checks in from Texas where the #Bulls get ready to face the NBA's top team the Houston Rockets.READ: https‚Ä¶, pos
#NBA Betting Preview: Chicago #Bulls vs. Houston #Rockets ‚Äì March 27 2018: https://t.co/2RYJW6G1HU, neu
RT @NOTSportsCenter: City of Chicago Power Rankings 1. Chicago Cubs 2. Loyola Chicago Ramblers 3. Chicago Bears4. Chicago Blackhawks‚Ä¶, neu
Bulls vs. Rockets Game Preview and Open Thread https://t.co/rtsXNeuytH #Chicago Bulls, pos
Hey @Stacey21King so Are you for Houston tonight so Do you remember Michael Jordan Bill @RealBillWorrell and Clyde Drexler? #BullsNation, pos
me and the @chicagobulls https://t.co/VcovI1Z0vK, pos
I‚Äôll think about this as the #Rockets pummel the Bulls tonight. https://t.co/XQtItwgYej, neg
chicagobulls: Back in action from Houston tonight. Let's get it.üì∫ : WGNTV üìª : 670TheScore üñ• :‚Ä¶ https://t.co/Zr22l8rlzf, pos
chicagobulls: Lauri Markkanen has 12 of the Bulls 14 points to start this game. He is good. #chicagobulls, pos
@Jerry_m95 @chicagobulls Where tf did they think that he deserves a 32 million dollar contract lmao, neg
@chicagobulls Markkanen is the best white-guy-fro player since Larry Bird., pos
RT @TrashTalk_fr: 27 mars 2013... tellement l√©gendaire.Bulls - Heat √† Chicago.Le Miami de LeBron qui est sur 27 victoires de suite.Ambia‚Ä¶, neu
Lauri Markkanen &gt; Kristaps Porzingisü§∑üèΩ‚Äç‚ôÇÔ∏è, neu
@BleacherReport Lauri markkanen, neu
@chicagobulls our guys are struggling.  I'm sure none of them are thinking how excited they are for a good draft picks, neg
@WaddleandSilvy getting the shot out from @RealMikeWilbon on the #bulls broadcast...üòé https://t.co/nJGSvupbTf, pos
RT @clutchfans: These #Rockets (61-14) continue to amaze. They now have their third double-digit win streak of the season. They're 27-1 in‚Ä¶, neg
RT @RTNBA: Lauri Markkanen (back tanking) üòÇüòÇüòÇ https://t.co/JIPCnpsSSj, neu
@NBA @HoustonRockets @chicagobulls The Rockets üöÄ are just abusing every team who gets in their way! I hope they don‚Ä¶ https://t.co/t2MdRz97uJ, neg
RT @KHOU: ROCKETS WIN! The @HoustonRockets demolished the @chicagobulls  118-86 Tuesday night. This makes 61 wins for the season. https://t‚Ä¶, neg
All signs point to Bulls coach Fred Hoiberg seeing a year four from his bosses https://t.co/ojrAIbsj9D https://t.co/9f4OI2dMeK, pos
RT @NBA: üöÄüöÄüöÄüöÄüöÄüöÄüöÄüöÄüöÄüöÄThe @HoustonRockets win it over the @chicagobulls at home 118-86 behind 31 PTS (tied career high 8 3PM) from Eric Gord‚Ä¶, neg
RT @chrissolari: Three Sexton kids cheering on Loyola coach Drew Valentine at the Final Four: Bryn Forbes of San Antonio Spurs Denzel Vale‚Ä¶, neu
RT @chancetherapper: Thank you so much @BigSean for that historic performance and thank you Justin Holiday for your kind donation to @Socia‚Ä¶, neu
RT @chancetherapper: Thank you so much @BigSean for that historic performance and thank you Justin Holiday for your kind donation to @Socia‚Ä¶, neu
@Ethanbridges34 @JoshBridges13 &amp; Foster won free tix to @chicagobulls plus a little pregame scrimmage at the traini‚Ä¶ https://t.co/Es3pHq8plq, pos
If the Knicks lose to Orlando tonight and the Bulls beat Charlotte New York and Chicago will be tied for eighth pl‚Ä¶ https://t.co/QWoMMmQUdB, pos
@_Egad_Brain @chicagobulls  https://t.co/C4tlGWCiKi, neu
@chicagobulls Guys my haiku was unreal. I was wondering if I could get some tix?, pos
RT @chancetherapper: Thank you so much @BigSean for that historic performance and thank you Justin Holiday for your kind donation to @Socia‚Ä¶, neu
RT @GamingGod_KYM6: Dropping Buckets Like Fuck Em - 2K18 Proam - YouTubehttps://t.co/IExp0k9jqR@zachlavine #TeamEmmmmsie #2ktvwow #2kfree‚Ä¶, neu
NBA!!!!-WATCH-?!~Chicago Bulls vs Washington Wizards live free ‚Äì Support https://t.co/st7rlGhrt3, pos
RT @chicagobulls: It took 50 seconds for @MarkkanenLauri to drain his first 3 pointer of the night... Pop quiz #BullsNation - how many 3s w‚Ä¶, pos
RT @SocialWorks_Chi: .@JustHolla7 did that yesterday! Appreciate the support! #chicagosaves https://t.co/RC9JjBjbBX, neu
Who the heck are half these #Bulls players?, neg
#BullsNation meet @SeanKilpatrick - Sean enjoys sunsets long walks on the beach &amp; swatting @Hornets...‚Ä¶ https://t.co/aedf9y91UT, neu
Back-to-back 3s pra Justin Holiday!, pos
RT @GeekedForSneaks: CHICAGO BULLS VIBES ON THIS UPCOMING NIKE AIR MAX 97 ULTRA https://t.co/xOU9pFllE0 via @Air23News https://t.co/zcgaCM3‚Ä¶, pos
Hey @thekapman...do NOT allow Fred to put #LauriLegend or Holiday back in the game the rest of the night! #Bulls‚Ä¶ https://t.co/5LnI8PzmKK, neg
Check out 2017-18 SELECT LAURI MARKKANEN RC SIGNATURES TYE DYE PRIZM ON CARD AUTO 20/25 https://t.co/8odiGenM3e @eBay, pos
@chicagobulls @SeanKilpatrick @UnitedCenter Stop, neu
Five more years of mediocre basketball here we come! #bulls, neg
RT @chicagobulls: #BullsWin @MarkkanenLauri : 24pts@SeanKilpatrick: 21pts@JustHolla7: 19pts  @ATT #BullsSocialNight https://t.co/yHaY‚Ä¶, pos
RT @WaddleandSilvy: ü§Æ #Bulls, neu
Sean Kilpatrick out here ruining our tank. #Bulls, neg
To the #Bulls fans out there beside themselves rn remember we have a shot at a top 3 pick and will get a very goo‚Ä¶ https://t.co/ZJw077W5Ev, pos
RT @chicagobulls: #BullsWin @MarkkanenLauri : 24pts@SeanKilpatrick: 21pts@JustHolla7: 19pts  @ATT #BullsSocialNight https://t.co/yHaY‚Ä¶, pos
@chicagobulls why?, neu
RT @IanBegley: Some boos at Madison Square Garden at the buzzer of the Knicks' 97-73 loss to Orlando and deservedly so. NYK shot 35% from‚Ä¶, neu
@OooohImPatrick https://t.co/qxNYGbvfPt, neu
@chicagobulls @MarkkanenLauri @SeanKilpatrick @JustHolla7 @ATT Well shit do we want someone good or not guys, neg
@chicagobulls @MarkkanenLauri @SeanKilpatrick @JustHolla7 @ATT Just sad!, neg
2 ou 3 n√£o sei. Mas uma teria ganho.A do ano da les√£o talvez. https://t.co/e4N7aHogIE, neu
Chillen brotha! @ZachLaVine üòÑüí™üèºüëåüèº #ChiTown https://t.co/41pL5v7ijt, pos
RT @celtics: TONIGHT #Celtics vs @chicagobulls  üìç @tdgarden    ‚è∞ 7:30 p.m.üìù https://t.co/B1lvM9HPcY   üì∫ @NBCSBostonüéôÔ∏è @985TheSportsHub‚Ä¶, pos
@bobbyding2345 @chicagobulls @SeanKilpatrick The mans a baller I'd prefer him starting for us next year instead of‚Ä¶ https://t.co/KlLMisODyQ, pos
RT @NBCSBulls: @chicagobulls fire 'em up boys https://t.co/prMn4eyeDy, pos
UPDATE: Jahlil Okafor (ankle) is also available to play tonight. https://t.co/lfJ0nQ9Ny8, pos
@JustHolla7 Amen brother!, pos
Tyler showing the love for @bennythebull and @windycitygus at tonight‚Äôs @chicagobulls game #BullsNation https://t.co/8IaK3Kca8w, pos
@davidaxelrod @chicagobulls @MarkkanenLauri @BrooklynNets Tankapalooza!, neg
@WtfBulls @ATresh @chicagobulls @NBCSChicago @670TheScore @FirstAlert BITCH I CHALLENGE YOU https://t.co/VNoVgjhTHD, neu
#Bulls getting outscored 33-6 from 3-point line so trailing Brooklyn 63-51 at half doesn't seem so bad. Portis has‚Ä¶ https://t.co/EBL5o5JGsF, neg
@chicagobulls but of course the bull will win the next of the back to back with BK, pos
FINAL DE 3 QT:Brooklyn Nets 96-77 Chicago Bulls#BullsNation, neu
RT @davidaxelrod: With the @chicagobulls and @BrooklynNets palpably TRYING  to lose in order to get a high draft choice the best team in t‚Ä¶, neg
@gcsports_talk @chicagobulls Ask that question to Paxson., neu
Joe Harris (#swoon) hits four three-pointers as the Brooklyn Nets set a new franchise record of 22 threes in a game‚Ä¶ https://t.co/MemJMB1gvC, neg
@LorasCAB coming through with the trip to watch the @chicagobulls Much love to the IPO fam for coming together!!‚Ä¶ https://t.co/0s55hipdMX, pos
DMT Chicago‚Äôs Choice https://t.co/p8KthsJnkd   #chicago #wgn #fashion #events #entertainment #clubes #parties‚Ä¶ https://t.co/tCrni1LUyM, neu
RT @QoS_Skylar: Welcome to the modern family. A good #cuck husband that knows his role and #alpha #bulls to take care of our sexual needs.‚Ä¶, neu
Did he tell you that or are you assuming because he was at a game he wants to be a Bull.... His agency is based in‚Ä¶ https://t.co/CQXamAPsp9, neu
Thanks to the @nba and @chicagobulls we were treated #great and the #halftime #show was off the chain #shakazulu‚Ä¶ https://t.co/LcKPSHijqr, pos
The #Kawhileonard situation is symptomatic of the #NBA's problems.  #Spurs #DerrickRose #Bulls #Tanking‚Ä¶ https://t.co/pwKu4Rh0eX, neg
Du coup l‚Äôancienne star des @chicagobulls occupe la 1477√®me place du classement des personnes les plus riches du m‚Ä¶ https://t.co/PnQR2fXCYm, neu
Brooklyn Nets vs Chicago Bulls Your Browser Do not Support Iframehttps://t.co/nVtu0FmBfM https://t.co/nVtu0FmBfM, neu
Chicago Bulls vs Brooklyn Nets  ‚Äì NBA Full Games | April 92018 https://t.co/CNcybr77Ic, pos
I love you @chicagobulls, pos
@chicagobulls @NBCSChicago @670TheScore @FirstAlert Must lose tonight., neg
RT @chicagobulls: Let's get it #BullsNation!üèÄ at Brooklyn Netsüì∫: @NBCSChicago üìª: @670TheScore üñ•: https://t.co/5Rfr6jMgh9      üì±: htt‚Ä¶, pos
CHUCK'S DAILY CHECK IN 4.09.18 via @chicagobulls apphttps://t.co/XwIJ7tMTcf, neu
Watchin‚Äô the @chicagobulls tank like: https://t.co/C3fpxvm349, neg
RT @chicagobulls: It‚Äôs official: @MarkkanenLauri is the first Bulls rookie to post at least 1000 points and 500 rebounds in a single seaso‚Ä¶, pos
RT @chicagobulls: It‚Äôs official: @MarkkanenLauri is the first Bulls rookie to post at least 1000 points and 500 rebounds in a single seaso‚Ä¶, pos
Sean Kilpatrick's got a bag of tricks. #Bulls #BullsNation, pos
#Bulls and #Blackhawks are both  #7 in the lottery.   #Bears are picking #8 in the Draft.  I'm crossing my fingers‚Ä¶ https://t.co/9PUo890mCx, pos
RT @chicagobulls: #Bulls lose to the Nets 114-105.Off to Chicago for our final game of the season on Wednesday. https://t.co/wKwpzBLeKp, neg
RT @KCJHoop: Lauri Markkanen on becoming 1st Bulls rookie since Elton Brand in 1999-2000 to post 1000 points/500 rebounds: "I'm not satisf‚Ä¶, pos
RT @KCJHoop: Lauri Markkanen on becoming 1st Bulls rookie since Elton Brand in 1999-2000 to post 1000 points/500 rebounds: "I'm not satisf‚Ä¶, pos
@SeanKilpatrick @chicagobulls @undraftedshop @and1basketball I‚Äôm happy to see you here in Chicago.. keep putting in that work my boy üíØüíØüëø, pos
RT @chicagobulls: It‚Äôs official: @MarkkanenLauri is the first Bulls rookie to post at least 1000 points and 500 rebounds in a single seaso‚Ä¶, pos
RT @AmericanLegion: Legion @hiringourheroes @chicagobulls #veterans #military &amp; #Milspouse job fair 11am-2pm today @UnitedCenter. Career‚Ä¶, neu
RT @espn: The best way to remember Aaron Gordon and Zach LaVine's epic Slam Dunk Contest battle: in super slow motion. https://t.co/norkhZB‚Ä¶, pos
Big ass shotgun look like Lauri Markkanen, neu
RT @NotARoleModeI: LMAOOOOOOOO@MarkkanenLauri made it. He got a shoutout on a rap song. https://t.co/BXYteEVWGY, pos
@dnwaba0 @KCJHoop The first time Stacey said ‚Äúit‚Äôs like there‚Äôs 5 Nwabas out on the court‚Äù, pos
RT @NBABrasil: H√° exatos 20 anos Michael Jordan chegava √† marca de 5 MIL assist√™ncias na carreira em uma vit√≥ria dos @chicagobulls sobre o‚Ä¶, neu
Esta noche es el √∫ltimo de los Chicago Bulls esta temporada ! #SEERed #BullsNation Detroit Pistons - Chicago Bull‚Ä¶ https://t.co/4fR6dEVD56, neu
RT @KCJHoop: Lauri Markkanen needs to score 129 points against Pistons (move aside Wilt!) or else Nikola Mirotic will lead Bulls in scorin‚Ä¶, pos
2017 Draft Class Ranking (Long Term)1. Jayson Tatum 2. Donovan Mitchell 3. Lonzo Ball 4. Lauri Markkanen 5. De‚Ä¶ https://t.co/lxCFoUrZHt, pos
#bullsnation #ourview #gametimeüèÄ @ United Center https://t.co/JjnhKBKVVW, pos
@chicagobulls @ZachLaVine When is basketball try outs so i can come bring the city another championship., pos
Detroit Pistons at Chicago Bulls live chat - https://t.co/72SVgJp5Pu https://t.co/0o5PJBL9MW https://t.co/Hj8BQYo2i8, neu
RT @ctsbulls: We love you @chicagobulls fans! https://t.co/NMd93VjQ4M, pos
RT @chicagobulls: Season finale! Let's get it #BullsNation!üÜö Pistonsüì∫: @NBCSChicago üìª: @AM560TheAnswerüñ•: https://t.co/aXulnl9GkX http‚Ä¶, pos
@chicagobulls Shades of Captain Kirk., pos
RT @m_spyropoulos: Final season game #Bullsnation #Chicago #Chicagobulls https://t.co/0RdnR7K0io, pos
@chicagobulls Smh ü§¶üèæ‚Äç‚ôÇÔ∏è, neg
RT @KCJHoop: Lauri Markkanen has set a franchise rookie record with his 145th 3-pointer., pos
RT @chicagobulls: üö®FRANCHISE RECORD: @MarkkanenLauri made 145 threes this season the most by a #Bulls rookie in franchise history üí™ https:‚Ä¶, pos
RT @chicagobulls: üö®FRANCHISE RECORD: @MarkkanenLauri made 145 threes this season the most by a #Bulls rookie in franchise history üí™ https:‚Ä¶, pos
RT @NBCSChicago: We‚Äôll carry the #Bulls season-ending press conference tomorrow at 11 a.m. on NBC Sports Chicago and on our Facebook page.‚Ä¶, neu
RT @_MarcusD2_: Zach LaVine sums up the Chicago Bulls season https://t.co/bUYFCsdhgm, neu
Detroit Pistons -5.0 O (213.0) -210.0 | Chicago Bulls 5.0 U (213.0) 175.0 (Apr 11 2018 08:10 PM) https://t.co/qwq5GEXwQp, neu
RT @chicagobulls: #Bulls fall to the Pistons 119-87. ‚òëÔ∏è82 games https://t.co/B0PFkbYuRj, neg
RT @_MarcusD2_: Find someone who looks at you like Zach LaVine looks at Lauri Markkanen https://t.co/tG81JAhujX, pos
Yay crappy ass season finally over. Time for the draft lottery! https://t.co/wQ3f9iPWlD, neg
#NBAnaSPORTTV Isto d√° cabo dos nervos um Bulliano a ver os Bulls em Chicago e o Rose Buttler e Gibson treinados p‚Ä¶ https://t.co/Av4MmsIc3R, neu
RT @JeffGurt: Most threes made by a 7-footer in a single season:151 - Dirk Nowitzki (00-01)148 - Dirk Nowitzki (02-03)145 - LAURI MARKK‚Ä¶, pos
RT @chicagobulls: üö®FRANCHISE RECORD: @MarkkanenLauri made 145 threes this season the most by a #Bulls rookie in franchise history üí™ https:‚Ä¶, pos
RT @JustinESports: Lauri Markkanen is being mentioned in rap songs now??? üò≥üò≥üò≥ https://t.co/gWfpB35PiR, pos
RT @CodyWesterlund: Zach Lavine on #Bulls' future: "The sky's the limit for us especially if we get to working. We have trust in everybody‚Ä¶, pos
@chiefkeefah @powertriptx @ralphlaurensesh @chicagobulls @_realhulkhogan @KidCudgey @dahreal50centjr Fuuuuck that's‚Ä¶ https://t.co/CE7iRtKxGb, neu
RT @CodyWesterlund: Lauri Markkanen's rookie stats:15.2 pts7.5 rbs0.59 blks43.4 FG%36.2 3PT%29.7 mins68 games, pos
RT @chicagobulls: Big congratulations to @MarkkanenLauri for setting a #Bulls rookie franchise record today! üî•Lauri officially passed Kir‚Ä¶, pos
@ZenMasterMike @chicagobulls @Timberwolves Can‚Äôt wait to have you back, neu
üí™üèº @a1terry_ https://t.co/VUwhYh90J9, neu
RT @chicagobulls: Big congratulations to @MarkkanenLauri for setting a #Bulls rookie franchise record today! üî•Lauri officially passed Kir‚Ä¶, pos
RT @dnwaba0: Hey #BullsNation tonight is Fan Appreciation Night so I wanted to giveaway some signed shoes as a thank you!Comment with you‚Ä¶, pos
RT @KCJHoop: Kings beat Rockets. So Bulls finish tied for 6th in draft lottery standings. Own 5.3% chance at No. 1 pick 18.25% chance at t‚Ä¶, neu
RT @KCJHoop: A Friday coin flip determines who picks higher between Bulls and Kings should neither move into top-3 after May 15 draft lotte‚Ä¶, neu
Lauri Markkanen liittyi muun muassa Michael Jordanin seuraan ylitt√§m√§ll√§ heti tulokaskaudellaan tuhannen pisteen ra‚Ä¶ https://t.co/fotEygPFlu, neu
